<?xml version="1.0" encoding="UTF-8"?>
<goibibo>

<From>
<round>//*[@id="gi_roundtrip_label"]</round>
<path>//*[@id='gosuggest_inputSrc']</path>
<val>Pune</val>
</From>
<To>
<path>//*[@id='gosuggest_inputDest']</path>
<val>Mumbai</val>
</To>
<path1></path1>
<Depart>(//div[@class="col-md-6 col-sm-6 col-xs-6"])[1]</Depart>
<Retrun>(//div[@class="col-md-6 col-sm-6 col-xs-6"])[2]</Retrun>
<Traveller>(//div[@class="col-md-6 col-sm-6 col-xs-12"])[1]</Traveller>
<TClass>(//div[@class="col-md-6 col-sm-6 col-xs-12"])[2]</TClass>
<CheckStudent>(//input[@class="fl bigCheckBox"])[1]</CheckStudent>
<CheckPrice>(//input[@class="fl bigCheckBox"])[2]</CheckPrice>
<Go>(//button[@class="width100 button orange xlarge"])</Go>


<data>
<date>//*[@id="searchWidgetCommon"]/div/div[3]/div[1]/div[1]/div/div/div/div[2]/div[3]/div[4]/div[4]</date>
</data>

</goibibo>